{
  "w_h": 3467.0279574505953,
  "w_r": 1.694944815008926,
  "sigma_hD": 0.01698327054977417,
  "sigma_rD": 0.768107876586914
}